Nom,Prenom,IdHAL de l'Auteur,IdHAL des auteurs de la publication,Titre,Docid,Année de Publication,Type de Document,Domaine,Mots-clés,Laboratoire de Recherche
Acary,Vincent,vincent-acary,['vincent-acary'],['Advanced Topics in Nonsmooth Dynamics'],3486330,2018,Ouvrage,"Mathématiques, Domaine non défini","['Nonsmooth dynamics', 'Set-valued force laws', 'Time-stepping schemes', 'European Network for Nonsmooth Dynamics', 'Numerical methods for nonsmooth systems', 'Impact laws for multi-collisions', 'Nonlinear vibrations']",['Inria Grenoble - Rhône-Alpes']
Acary,Vincent,vincent-acary,"['vincent-acary', 'bernard-brogliato']",['Nonsmooth Modeling and Simulation for Switched Circuits'],522358,2010,Ouvrage,"Mathématiques, Domaine non défini, Sciences de l'ingénieur, Nanotechnologies, Informatique, Modélisation et simulation","['Delta-Sigma Converter', 'Diode-Bridge Rectifier', 'Switched Circuits', 'Hybrid Modeling', 'High Level Simulation and Design', 'Bulk Converter', 'Analog Simulation']","['Inria Grenoble - Rhône-Alpes', 'Laboratoire Jean Kuntzmann']"
Albert,Pascal,hal-02445423,['pascal-weil'],"['Special issue : Theoretical Aspects of Computer Science, Theory of Computing Systems, vol 47(3)']",493333,2010,Ouvrage,"Informatique, Domaine non défini, Informatique, Domaine non défini, Mathématiques, Domaine non défini, Informatique, Domaine non défini, Informatique, Domaine non défini, Informatique, Domaine non défini, Informatique, Domaine non défini",[],"['Institut für Informatik [Freiburg]', 'Laboratoire Bordelais de Recherche en Informatique']"
Ali,Ali,ali-mostfa,"['ali-mansour', 'christophe-osswald']",['Mise en œuvre des probabilités et des statistiques'],2303379,2019,Ouvrage,"Mathématiques, Mathématiques pures, Mathématiques, Statistiques",['Probabilités'],"[""Laboratoire des sciences et techniques de l'information, de la communication et de la connaissance"", ""Laboratoire des sciences et techniques de l'information, de la communication et de la connaissance (UMR 3192)"", 'Département STIC [Brest]', ""Laboratoire des sciences et techniques de l'information, de la communication et de la connaissance""]"
Ali,Ali,ali-mostfa,['mourad-baiou'],"['Combinatorial Optimization - 6th International Symposium, ISCO 2020, Montreal, QC, Canada, May 4-6, 2020, Revised Selected Papers Lecture Notes in Computer Science 12176, Springer']",3046535,2020,Ouvrage,"Mathématiques, Domaine non défini, Informatique, Domaine non défini, Informatique, Domaine non défini, Informatique, Domaine non défini, Informatique, Domaine non défini",[],Non disponible
Ali,Ali,ali-mostfa,['Id non disponible'],['The convergence problem for dissipative autonomous systems.'],1448303,2015,Ouvrage,"Mathématiques, Mathématiques appliquées, Mathématiques, Domaine non défini, Mathématiques, Domaine non défini, Mathématiques, Domaine non défini",[],['Laboratoire Jacques-Louis Lions']
Ali,Ali,ali-mostfa,['Id non disponible'],['Functional Data Analysis: Theory and Applications to Different Scenarios'],4838060,2023,Ouvrage,"Mathématiques, Statistiques",[],Non disponible
Ali,Ali,ali-mostfa,['samir-perlaza'],['Advanced Data Analytics for Power Systems'],3128425,2021,Ouvrage,"Sciences de l'ingénieur, Domaine non défini, Informatique, Informatique, Intelligence artificielle, Informatique, Domaine non défini, Informatique, Domaine non défini, Informatique, Domaine non défini, Mathématiques, Domaine non défini, Sciences de l'ingénieur",[],"['Inria Sophia Antipolis - Méditerranée', 'Department of Electrical Engineering [Princeton]']"
Ali,Ali,ali-mostfa,['Id non disponible'],['Representation Theory of Solvable Lie Groups and Related Topics'],3314530,2021,Ouvrage,Mathématiques,[],"['Institut Élie Cartan de Lorraine', 'Laboratoire de Mathématiques et leurs Applications de Valenciennes - EA 4015', 'Nara Institute of Science and Technology - Graduate School of Information Science']"
Ali,Ali,ali-mostfa,['hatem-zaag'],['Partial Differential Equations Arising from Physics and Geometry'],2324982,2019,Ouvrage,"Mathématiques, Mathématiques appliquées, Sciences du vivant, Domaine non défini",[],"['Département de mathématiques', 'Laboratoire Analyse, Géométrie et Applications']"
Ali,Ali,ali-mostfa,"['pierre-bessiere', 'alimohammad-djafari', 'jfbercher']",['Bayesian Inference and maximum Entropy Methods in Science and Engineering'],599193,2010,Ouvrage,"Domaine non défini, Domaine non défini, Mathématiques, Mathématiques pures",[],"['Laboratoire des signaux et systèmes', ""Laboratoire d'Informatique Gaspard-Monge"", ""Laboratoire de Physiologie de la Perception et de l'Action""]"
Amodeo,Lionel,hal-02556388,['talbi-el-ghazali'],['Heuristics for Optimization and Learning'],3261026,2021,Ouvrage,"Mathématiques, Optimisation et contrôle",[],"['Laboratoire Informatique et Société Numérique', 'Inria Lille - Nord Europe', 'Centre de Recherche en Informatique, Signal et Automatique de Lille - UMR 9189', 'Centre de Recherche en Informatique, Signal et Automatique de Lille - UMR 9189']"
Bernard,Pauline,pauline-bernard,"['anna-aksamit', 'nizar-demni', 'jeanblanc', 'alain-rouault']",['In Memoriam Marc Yor - Séminaire de Probabilités XLVII'],1200589,2015,Ouvrage,"Mathématiques, Mathématiques pures",[],"['Laboratoire de Mathématiques de Versailles', 'Institut de Recherche Mathématique Avancée']"
Brogliato,Bernard,bernard-brogliato,['bernard-brogliato'],['Nonsmooth Mechanics'],1236953,2016,Ouvrage,"Sciences de l'ingénieur, Domaine non défini, Domaine non défini, Sciences de l'ingénieur, Automatique, Mathématiques, Optimisation et contrôle","['Restitution coefficients', 'Darboux-Keller shock dynamics', 'Linear complementarity systems', ""Moreau's sweeping process"", 'Measure differential inclusions', 'Hybrid dynamical systems', 'Trajectory tracking', 'Lyapunov stability', 'Variational principles', 'Impact mechanics', 'Complementarity conditions', 'Complementarity systems', 'Unilateral constraints', 'Multiple impacts']","['Inria Grenoble - Rhône-Alpes', 'Laboratoire Jean Kuntzmann']"
Brogliato,Bernard,bernard-brogliato,['bernard-brogliato'],['Multiple Impacts in Dissipative Granular Chains'],908612,2014,Ouvrage,"Mathématiques, Optimisation et contrôle",[],"['Inria Grenoble - Rhône-Alpes', 'Laboratoire Jean Kuntzmann']"
Brogliato,Bernard,bernard-brogliato,"['vincent-acary', 'bernard-brogliato']",['Nonsmooth Modeling and Simulation for Switched Circuits'],522358,2010,Ouvrage,"Mathématiques, Domaine non défini, Sciences de l'ingénieur, Nanotechnologies, Informatique, Modélisation et simulation","['Delta-Sigma Converter', 'Diode-Bridge Rectifier', 'Switched Circuits', 'Hybrid Modeling', 'High Level Simulation and Design', 'Bulk Converter', 'Analog Simulation']","['Inria Grenoble - Rhône-Alpes', 'Laboratoire Jean Kuntzmann']"
Chadli,Mohammed,mohammed-chadli,"['mohammed-chadli', 'rene-lozi']","['Computer Intelligence in Modeling, Prediction, and Analysis of Complex Dynamical Systems']",1338674,2015,Ouvrage,"Mathématiques, Domaine non défini, Domaine non défini, Domaine non défini","['Chaos', 'Complexity', 'Artificial intelligence', 'Unconventional algorithm', 'Soft computing']","['VSB-Technical University of Ostrava, Ostrava, Czech Republic', 'Center of Excellence for Quantifiable Quality of Service', 'Modélisation, Information et Systèmes - UR UPJV 4290', 'Laboratoire Jean Alexandre Dieudonné']"
Clerc,Maurice,hal-01155162,['Id non disponible'],"[""Le coloriage de graphe, un jeu d'enfant ?""]",3965580,2023,Ouvrage,Mathématiques,"['Graph coloring', 'Deterministic', 'Quantum', 'Coloriage de graphe', 'Déterministe', 'Quantique']",Non disponible
David,Pierre,hal-02141963,"['claire-david', 'pierre-gosselet']",['Equations au dérivées partielles'],1435514,2015,Ouvrage,"Mathématiques, Mathématiques appliquées",[],"['Laboratoire Jacques-Louis Lions', 'Laboratoire de Mécanique et Technologie']"
David,Pierre,hal-02141963,"['pierre-hyvernat', 'knour']",['Les démonstrations mathématiques'],4733135,2017,Ouvrage,Mathématiques,[],['Laboratoire de Mathématiques']
David,Pierre,hal-02141963,"['olivier-gueant', 'jeanblanc']",['Lecture Notes in Mathematics'],667383,2011,Ouvrage,"Mathématiques, Domaine non défini",[],"['Laboratoire Jacques-Louis Lions', 'Département de Mathématiques (Evry)', 'CEntre de REcherches en MAthématiques de la DEcision', 'Collège de France - Chaire Équations aux dérivées partielles et applications']"
David,Pierre,hal-02141963,"['anna-aksamit', 'nizar-demni', 'jeanblanc', 'alain-rouault']",['In Memoriam Marc Yor - Séminaire de Probabilités XLVII'],1200589,2015,Ouvrage,"Mathématiques, Mathématiques pures",[],"['Laboratoire de Mathématiques de Versailles', 'Institut de Recherche Mathématique Avancée']"
Etienne,Alain,hal-04740846,"['alain-bretto', 'francois-hennecart']",['Elements of Graph Theory: From Basic Concepts to Modern Developments'],4638463,2022,Ouvrage,"Mathématiques, Informatique",['Graph Theory - Graph Algorithms'],"['Institut Camille Jordan', 'Institut Camille Jordan']"
Etienne,Alain,hal-04740846,"['alain-bretto', 'francois-hennecart']",['Eléments de théorie des graphes (édition revue et augmentée)'],2065825,2018,Ouvrage,"Mathématiques, Informatique",[],"['Groupe de Recherche en Informatique, Image et Instrumentation de Caen', 'Institut Camille Jordan']"
Etienne,Alain,hal-04740846,"['alain-bretto', 'francois-hennecart']",['Eléments de théorie des graphes'],947335,2012,Ouvrage,"Mathématiques, Domaine non défini, Mathématiques, Domaine non défini",[],"['Institut Camille Jordan', 'Groupe de Recherche en Informatique, Image et Instrumentation de Caen']"
Etienne,Alain,hal-04740846,"['pierre-petit-67', 'florence-merlevede', 'laurent-miclo', 'emmanuel-rio', 'alain-rouault']",['Séminaire de Probabilités LI'],3676900,2022,Ouvrage,"Mathématiques, Mathématiques pures",[],"['Institut Fourier', 'School of Operations Research and Information Engineering', 'Laboratoire Jacques-Louis Lions', 'Instituto de Matematicas', 'Laboratoire de Mathématiques de Versailles', 'Mathématiques Appliquées Paris 5', 'Laboratoire Analyse et de Mathématiques Appliquées', 'Institut de Mathématiques de Toulouse UMR5219', 'Faculty of Mathematics [Vienna]', 'Modélisation aléatoire de Paris X', 'Laboratoire de Mathématiques Raphaël Salem', 'Institut Camille Jordan', 'Institut Camille Jordan', 'Mathématiques Appliquées Paris 5']"
Fourati,Hassen,hassen-fourati,['hassen-fourati'],"['Cooperative Localization and Navigation: Theory, Research, and Practice']",2295010,2019,Ouvrage,"Sciences de l'ingénieur, Automatique, Sciences de l'ingénieur, Traitement du signal, Mathématiques",[],"['Inria Grenoble - Rhône-Alpes', 'Grenoble Images Parole Signal Automatique']"
Frasca,Paolo,paolo-frasca,['paolo-frasca'],['Introduction to Averaging Dynamics over Networks'],1614915,2017,Ouvrage,"Sciences de l'ingénieur, Automatique, Mathématiques, Optimisation et contrôle",[],"['Dipartimento di Scienze Matematiche', 'Inria Grenoble - Rhône-Alpes', 'Grenoble Images Parole Signal Automatique']"
Frasca,Paolo,paolo-frasca,"['paolo-frasca', 'elena-panteley', 'romain-postoyan', 'luca-zaccarian']",['Hybrid and networked dynamical systems'],4628500,2024,Ouvrage,"Sciences de l'ingénieur, Automatique, Mathématiques, Domaine non défini","['Multi-agent systems', 'Data-driven control', 'Observer design', 'Neural networks', 'Hybrid dynamical systems', 'Distributed control', 'Reset control', 'Event-triggered control', 'Networked systems', 'Stability analysis', 'Switched systems']","['Centre de Recherche en Automatique de Nancy', 'Inria Grenoble - Rhône-Alpes', 'Grenoble Images Parole Signal Automatique', 'Laboratoire des signaux et systèmes', ""Laboratoire d'analyse et d'architecture des systèmes""]"
Francois,Bruno,halshs-01092179,['bruno-francois'],['Microgrid Dynamics and Control'],3706211,2017,Ouvrage,"Sciences de l'ingénieur, Domaine non défini, Mathématiques, Sciences de l'ingénieur, Électronique, Sciences de l'ingénieur, Automatique",[],"['Laboratoire d’Électrotechnique et d’Électronique de Puissance  - ULR 2697', 'Laboratoire d’Électrotechnique et d’Électronique de Puissance  - ULR 2697']"
Francois,Bruno,halshs-01092179,['bruno-francois'],['Vector Control of Induction Machines: Desensitisation and Optimisation Through Fuzzy Logic'],3723299,2012,Ouvrage,"Sciences de l'ingénieur, Domaine non défini, Mathématiques, Sciences de l'ingénieur, Électronique, Sciences de l'ingénieur, Automatique",[],"['Laboratoire d’Électrotechnique et d’Électronique de Puissance  - ULR 2697', 'Laboratoire d’Électrotechnique et d’Électronique de Puissance  - ULR 2697']"
Francois,Bruno,halshs-01092179,"['gregoire-allaire', 'blanc', 'bruno-despres']",['Transport et diffusion'],4431089,2018,Ouvrage,Mathématiques,[],"[""Centre de Mathématiques Appliquées de l'Ecole polytechnique"", 'Laboratoire Jacques-Louis Lions', 'Centre de Mathématiques Laurent Schwartz']"
Francois,Bruno,halshs-01092179,['Id non disponible'],['Fundamentals and Advanced Techniques in Derivatives Hedging'],1386489,2016,Ouvrage,Mathématiques,"['Mathematical Finance', 'Risk control', 'Probability']",['CEntre de REcherches en MAthématiques de la DEcision']
Francois,Bruno,halshs-01092179,['bruno-francois'],['Electrical Energy Storage for Buildings in Smart Grids'],3706443,2019,Ouvrage,"Sciences de l'ingénieur, Domaine non défini, Mathématiques, Sciences de l'ingénieur, Électronique, Sciences de l'ingénieur, Automatique",[],"['Laboratoire d’Électrotechnique et d’Électronique de Puissance  - ULR 2697', 'Laboratoire d’Électrotechnique et d’Électronique de Puissance  - ULR 2697']"
Francois,Bruno,halshs-01092179,['Id non disponible'],['Fundamentals and Advanced Techniques in Derivatives Hedging'],1348864,2016,Ouvrage,"Mathématiques, Mathématiques pures, Domaine non défini",[],['CEntre de REcherches en MAthématiques de la DEcision']
Francois,Bruno,halshs-01092179,['Id non disponible'],['Valorisation des produits dérivés: des théorèmes fondamentaux à la couverture sous contrainte de risque'],950291,2014,Ouvrage,"Mathématiques, Mathématiques pures","['Finance', 'Mathématiques appliquées']","['CEntre de REcherches en MAthématiques de la DEcision', 'Centre de Recherche en Économie et Statistique', 'Department of Mathematics [Imperial College London]']"
Francois,Bruno,halshs-01092179,"['jean-philippe-anker', 'aline-bonami', 'sandrine-grellier', 'philippe-jaming', 'emmanuel-lesigne', 'barbara-schapira']",['Théorèmes ergodiques des actions de groupes'],464094,2010,Ouvrage,"Mathématiques, Domaine non défini, Mathématiques, Domaine non défini","['Théorèmes ergodiques', 'Inégalités maximales']","['Mathématiques - Analyse, Probabilités, Modélisation - Orléans', 'Laboratoire de Mathématiques et Physique Théorique', 'Laboratoire Paul Painlevé - UMR 8524', 'Laboratoire Amiénois de Mathématique Fondamentale et Appliquée']"
Francois,Bruno,halshs-01092179,"['nicolas-bergeron', 'sorin-dumitrescu', 'charles-frances', 'frank-loray', 'patrick-popescu-pampu', 'pierrepy']",['Uniformization of Riemann Surfaces'],2344692,2016,Ouvrage,"Mathématiques, Domaine non défini","['Uniformization', 'Riemann surfaces', 'Fuchsian groups', 'Continuity method', 'Gauss', 'Riemann', 'Schwarz', 'Poincaré', 'Klein', 'Koebe']","['Laboratoire Jean Alexandre Dieudonné', 'Institut de Recherche Mathématique Avancée', 'Institut de Recherche Mathématique de Rennes']"
Girard,Antoine,antoine-girard,"['antoine-girard', 'laurentiu-hetel', 'sophie-tarbouriech']",['Control Subject to Computational and Communication Constraints'],1818954,2018,Ouvrage,"Mathématiques, Optimisation et contrôle, Sciences de l'ingénieur, Automatique, Informatique, Domaine non défini","['Sampled-data Systems', 'Event-triggered Architecture', 'Event-based Control', 'Switched Systems', 'Limited Information', 'Computational Constraints', 'Hybrid Dynamical Systems']","[""Laboratoire d'analyse et d'architecture des systèmes"", 'Laboratoire des signaux et systèmes', 'Centre de Recherche en Informatique, Signal et Automatique de Lille - UMR 9189']"
Hammadi,Slim,slim-hammadi,['slim-hammadi'],['Ingénierie logistique et santé'],1716944,2017,Ouvrage,"Mathématiques, Informatique, Informatique, Modélisation et simulation",[],"['Centre de Recherche en Informatique, Signal et Automatique de Lille - UMR 9189']"
Harmand,Jérôme,jerome-harmand,"['jerome-harmand', 'alain-rapaport', 'tewfiksari']",['Optimisation des bioprocédés: pratique du principe du maximum de Pontryagin'],2105919,2019,Ouvrage,"Sciences du vivant, Domaine non défini, Sciences de l'ingénieur, Génie des procédés, Mathématiques, Optimisation et contrôle","['Optimisation', 'Bioprocédés', 'Principe du Maximum de Pontryagin', 'Commande optimale']","[""Laboratoire de Biotechnologie de l'Environnement [Narbonne]"", ""Mathématiques, Informatique et STatistique pour l'Environnement et l'Agronomie"", 'Information – Technologies – Analyse Environnementale – Procédés Agricoles']"
Harmand,Jérôme,jerome-harmand,"['jerome-harmand', 'alain-rapaport', 'tewfiksari']",['The Chemostat: Mathematical Theory of Microorganism Cultures'],1539446,2017,Ouvrage,"Informatique, Modélisation et simulation, Mathématiques, Domaine non défini, Sciences du vivant, Domaine non défini, Sciences du vivant, Bioinformatique","['Chemostat', 'Mathematical modeling', 'Differential equations']","[""Laboratoire de Biotechnologie de l'Environnement [Narbonne]"", ""Mathématiques, Informatique et STatistique pour l'Environnement et l'Agronomie"", 'Information – Technologies – Analyse Environnementale – Procédés Agricoles']"
Harmand,Jérôme,jerome-harmand,"['jerome-harmand', 'alain-rapaport', 'tewfiksari']","[""Optimal Control in Bioprocesses: Pontryagin's Maximum Principle in Practice""]",2045808,2019,Ouvrage,"Mathématiques, Optimisation et contrôle, Sciences du vivant, Domaine non défini","['Optimal control', 'Maximum Principle', 'Bioprocesses']","[""Laboratoire de Biotechnologie de l'Environnement [Narbonne]"", ""Mathématiques, Informatique et STatistique pour l'Environnement et l'Agronomie"", 'Information – Technologies – Analyse Environnementale – Procédés Agricoles']"
Harmand,Jérôme,jerome-harmand,"['jerome-harmand', 'alain-rapaport', 'tewfiksari']",['El quimiostato - Teoría matemática del cultivo continuo de microorganismos'],3381583,2021,Ouvrage,"Informatique, Modélisation et simulation, Mathématiques, Domaine non défini, Sciences du vivant, Domaine non défini, Sciences du vivant, Médecine et santé mentale","['Biorreactores', 'El crecimiento de una sola especie', 'Exclusión competitiva', 'Competencia el modelo dependiente de la densidad', 'Modelos más complejos']","[""Laboratoire de Biotechnologie de l'Environnement [Narbonne]"", ""Mathématiques, Informatique et STatistique pour l'Environnement et l'Agronomie"", 'Information – Technologies – Analyse Environnementale – Procédés Agricoles']"
Harmand,Jérôme,jerome-harmand,"['jerome-harmand', 'alain-rapaport', 'tewfiksari']",['Le Chemostat. Théorie mathématique de la culture continue de micro-organismes'],2607051,2017,Ouvrage,"Informatique, Modélisation et simulation, Mathématiques, Domaine non défini, Informatique, Domaine non défini, Sciences de l'environnement, Biodiversité et écologie, Sciences du vivant, Médecine et santé mentale",[],"[""Laboratoire de Biotechnologie de l'Environnement [Narbonne]"", 'Inria Sophia Antipolis - Méditerranée', ""Mathématiques, Informatique et STatistique pour l'Environnement et l'Agronomie"", ""Mathématiques, Informatique et STatistique pour l'Environnement et l'Agronomie"", 'Information – Technologies – Analyse Environnementale – Procédés Agricoles']"
Henrion,Didier,didier-henrion,"['didier-henrion', 'milan-korda', 'jean-lasserre']",['The Moment-SOS Hierarchy'],3009026,2020,Ouvrage,"Mathématiques, Optimisation et contrôle, Mathématiques, Mathématiques pures, Statistiques, Domaine non défini, Mathématiques, Mathématiques appliquées, Mathématiques, Domaine non défini","['Moment problems', 'Positive Polynomials', 'Computational geometry', 'Probability', 'Statistics', 'Control', 'Non Linear PDEs']","[""Laboratoire d'analyse et d'architecture des systèmes"", 'Institut de Mathématiques de Toulouse UMR5219']"
Hetel,Laurentiu,laurentiu-hetel,"['antoine-girard', 'laurentiu-hetel', 'sophie-tarbouriech']",['Control Subject to Computational and Communication Constraints'],1818954,2018,Ouvrage,"Mathématiques, Optimisation et contrôle, Sciences de l'ingénieur, Automatique, Informatique, Domaine non défini","['Sampled-data Systems', 'Event-triggered Architecture', 'Event-based Control', 'Switched Systems', 'Limited Information', 'Computational Constraints', 'Hybrid Dynamical Systems']","[""Laboratoire d'analyse et d'architecture des systèmes"", 'Laboratoire des signaux et systèmes', 'Centre de Recherche en Informatique, Signal et Automatique de Lille - UMR 9189']"
Jaulin,Luc,luc-jaulin,['luc-jaulin'],['Interval Methods and Applications'],1171487,2015,Ouvrage,"Mathématiques, Sciences de l'ingénieur, Automatique","['Automatic', 'Interval methods']","['Laboratoire Pluridisciplinaire de Recherche en Ingénierie des Systèmes, Mécanique et Energétique [2008-2013]', 'Département STIC [Brest]', ""Laboratoire des sciences et techniques de l'information, de la communication et de la connaissance""]"
Jean,Camille,halshs-02212975,['camille-laurent-gengoux'],['Poisson structures'],809199,2013,Ouvrage,Mathématiques,[],"['Institut Élie Cartan de Lorraine', 'Institut Camille Jordan', 'Laboratoire de mathématiques et applications [UMR 7348]']"
Julien,Nathalie,nathalie-julien,"['pierre-petit-67', 'florence-merlevede', 'laurent-miclo', 'emmanuel-rio', 'alain-rouault']",['Séminaire de Probabilités LI'],3676900,2022,Ouvrage,"Mathématiques, Mathématiques pures",[],"['Institut Fourier', 'School of Operations Research and Information Engineering', 'Laboratoire Jacques-Louis Lions', 'Instituto de Matematicas', 'Laboratoire de Mathématiques de Versailles', 'Mathématiques Appliquées Paris 5', 'Laboratoire Analyse et de Mathématiques Appliquées', 'Institut de Mathématiques de Toulouse UMR5219', 'Faculty of Mathematics [Vienna]', 'Modélisation aléatoire de Paris X', 'Laboratoire de Mathématiques Raphaël Salem', 'Institut Camille Jordan', 'Institut Camille Jordan', 'Mathématiques Appliquées Paris 5']"
Korda,Milan,milan-korda,"['didier-henrion', 'milan-korda', 'jean-lasserre']",['The Moment-SOS Hierarchy'],3009026,2020,Ouvrage,"Mathématiques, Optimisation et contrôle, Mathématiques, Mathématiques pures, Statistiques, Domaine non défini, Mathématiques, Mathématiques appliquées, Mathématiques, Domaine non défini","['Moment problems', 'Positive Polynomials', 'Computational geometry', 'Probability', 'Statistics', 'Control', 'Non Linear PDEs']","[""Laboratoire d'analyse et d'architecture des systèmes"", 'Institut de Mathématiques de Toulouse UMR5219']"
Laurent,Guillaume,guillaume-laurent-cmcp,"['mazliak', 'rossana-tazzioli']",['Images of Italian Mathematics in France (1815-1928)'],4014848,2016,Ouvrage,"Mathématiques, Sciences humaines et sociales, Domaine non défini",[],['Laboratoire Paul Painlevé - UMR 8524']
Laurent,Guillaume,guillaume-laurent-cmcp,['frederic-brechenmacher'],['Images of Italian Mathematics in France'],4513500,2016,Ouvrage,"Sciences humaines et sociales, Domaine non défini, Mathématiques",[],"[""Laboratoire interdisciplinaire de l'X""]"
Laurent,Guillaume,guillaume-laurent-cmcp,"['anna-aksamit', 'nizar-demni', 'jeanblanc', 'alain-rouault']",['In Memoriam Marc Yor - Séminaire de Probabilités XLVII'],1200589,2015,Ouvrage,"Mathématiques, Mathématiques pures",[],"['Laboratoire de Mathématiques de Versailles', 'Institut de Recherche Mathématique Avancée']"
Louis,Jean-paul,hal-03567526,['Id non disponible'],['Calculus Without Derivatives'],1451220,2013,Ouvrage,"Mathématiques, Optimisation et contrôle",[],['Laboratoire Jacques-Louis Lions']
Louis,Jean-paul,hal-03567526,['Id non disponible'],['Analysis. From Concepts to Applications'],1451223,2016,Ouvrage,"Mathématiques, Mathématiques, Mathématiques appliquées, Mathématiques, Domaine non défini, Mathématiques, Domaine non défini, Mathématiques, Optimisation et contrôle, Mathématiques, Domaine non défini",[],['Laboratoire Jacques-Louis Lions']
Magron,Victor,victor-magron,['victor-magron'],['Sparse Polynomial Optimization: Theory and Practice'],3760501,2023,Ouvrage,"Mathématiques, Optimisation et contrôle",[],"[""Laboratoire d'analyse et d'architecture des systèmes"", 'Institut de Mathématiques de Toulouse UMR5219']"
Martin,Eric,eric-martin-hocquenghem,"['yves-bertot', 'guillaume-brunerie', 'cyril-cohen']",['Homotopy Type Theory: Univalent Foundations of Mathematics'],935057,2013,Ouvrage,"Informatique, Domaine non défini, Mathématiques, Domaine non défini, Mathématiques, Domaine non défini",[],"['Institut de recherche en informatique de Toulouse', 'Functional Programming Laboratory', ""Laboratoire d'informatique de l'École polytechnique [Palaiseau]"", 'Inria Sophia Antipolis - Méditerranée', 'Department of Computer Science and Engineering [Göteborg]', 'Inria de Paris', 'Institut de Recherche en Informatique Fondamentale', 'Preuves, Programmes et Systèmes', 'Inria Saclay - Ile de France', 'Institute for the History and Philosophy of Science and Technology', 'Institute for Computing and Information Sciences [Nijmegen]', 'Institute for Logic, Language and Computation', 'Laboratoire Jean Alexandre Dieudonné', 'School of Mathematics [Leeds]', 'Department of Pure Mathematics and Mathematical Statistics', 'Microsoft Research - Inria Joint Centre', 'Institut für Informatik [München|Munich]', 'Department of Mathematics and Statistics [Ottawa]', 'Computer Learning Research Centre [Royal Holloway, University of London]', 'Department of Mathematics Stockholm University']"
Martin,Philippe,dominique-philippe-martin,"['anna-aksamit', 'nizar-demni', 'jeanblanc', 'alain-rouault']",['In Memoriam Marc Yor - Séminaire de Probabilités XLVII'],1200589,2015,Ouvrage,"Mathématiques, Mathématiques pures",[],"['Laboratoire de Mathématiques de Versailles', 'Institut de Recherche Mathématique Avancée']"
Michel,Loïc,loic-michel-perrin,"['anna-aksamit', 'nizar-demni', 'jeanblanc', 'alain-rouault']",['In Memoriam Marc Yor - Séminaire de Probabilités XLVII'],1200589,2015,Ouvrage,"Mathématiques, Mathématiques pures",[],"['Laboratoire de Mathématiques de Versailles', 'Institut de Recherche Mathématique Avancée']"
Moulay,Emmanuel,emmanuel-moulay,['emmanuel-moulay'],['Topological Obstructions to Stability and Stabilization'],4162692,2023,Ouvrage,"Mathématiques, Optimisation et contrôle, Informatique, Domaine non défini",[],['XLIM']
Nakhla,Michel,michel-nakhla,['Id non disponible'],"[""Recherche opérationnelle Méthodes d'optimisation en gestion""]",3995160,2010,Ouvrage,"Mathématiques, Informatique, Sciences humaines et sociales",['Programmation linéaire Théorie des Graphes Processus stochastiques'],['Centre de Gestion Scientifique i3']
Niculescu,Silviu,silviu-iulian-niculescu,['silviu-iulian-niculescu'],['Deterministic car-following traffic models. Delay effects and linear stability'],1431320,2017,Ouvrage,"Mathématiques, Domaine non défini, Sciences de l'ingénieur, Automatique",[],"['Laboratoire des signaux et systèmes', 'Inria Saclay - Ile de France', 'Laboratoire des signaux et systèmes', 'Max Planck Institute for Mathematics in the Sciences']"
Niculescu,Silviu,silviu-iulian-niculescu,"['islam-boussaada', 'hugues-mounier', 'silviu-iulian-niculescu']",['Analysis and Control of Oilwell Drilling Vibrations'],1123773,2015,Ouvrage,"Sciences de l'ingénieur, Automatique, Mathématiques, Domaine non défini",['Bit-bounce - Oilwell Drilling - Stick-slip Phenomena - Time-Delay Systems - Torsional Rectification - Vibration Control'],"['Laboratoire des signaux et systèmes', 'Laboratoire des signaux et systèmes', 'Inria Saclay - Ile de France']"
Olaru,Sorin,sorin-olaru,"['rene-lozi', 'sorin-olaru']","['Difference Equations, Discrete Dynamical Systems and Applications']",4512331,2024,Ouvrage,Mathématiques,[],"['Laboratoire des signaux et systèmes', 'Laboratoire Jean Alexandre Dieudonné']"
Panteley,Elena,elena-panteley,"['paolo-frasca', 'elena-panteley', 'romain-postoyan', 'luca-zaccarian']",['Hybrid and networked dynamical systems'],4628500,2024,Ouvrage,"Sciences de l'ingénieur, Automatique, Mathématiques, Domaine non défini","['Multi-agent systems', 'Data-driven control', 'Observer design', 'Neural networks', 'Hybrid dynamical systems', 'Distributed control', 'Reset control', 'Event-triggered control', 'Networked systems', 'Stability analysis', 'Switched systems']","['Centre de Recherche en Automatique de Nancy', 'Inria Grenoble - Rhône-Alpes', 'Grenoble Images Parole Signal Automatique', 'Laboratoire des signaux et systèmes', ""Laboratoire d'analyse et d'architecture des systèmes""]"
Paris,Jean-luc,hal-04184182,['alexandre-ern'],['Finite Elements III: First-Order and Time-Dependent PDEs'],3226051,2021,Ouvrage,"Mathématiques, Domaine non défini",[],"[""Centre d'Enseignement et de Recherche en Mathématiques et Calcul Scientifique"", 'Inria de Paris']"
Paris,Jean-luc,hal-04184182,['alexandre-ern'],"['Finite Elements II: Galerkin Approximation, Elliptic and Mixed PDEs']",3226050,2021,Ouvrage,"Mathématiques, Domaine non défini",[],"[""Centre d'Enseignement et de Recherche en Mathématiques et Calcul Scientifique"", 'Inria de Paris']"
Paris,Jean-luc,hal-04184182,['alexandre-ern'],['Finite Elements I: Approximation and Interpolation'],3226049,2021,Ouvrage,"Mathématiques, Domaine non défini",[],"[""Centre d'Enseignement et de Recherche en Mathématiques et Calcul Scientifique"", 'Inria de Paris']"
Paris,Jean-luc,hal-04184182,"['ericroditi', 'ghislaine-gueudet', 'aline-robert']","[""Enseigner les mathématiques, didactique et enjeux de l'apprentissage""]",1808149,2018,Ouvrage,"Mathématiques, Domaine non défini, Sciences humaines et sociales, Sciences de l'éducation",[],"['Laboratoire de Didactique André Revuz', ""Centre de Recherche sur l'Education, les apprentissages et la didactique"", 'Education Discours Apprentissages']"
Petit,Nicolas,nicolas-petit-mines,['nicolas-bacaer'],['Une singulière promenade mathématique'],4255617,2023,Ouvrage,Mathématiques,[],Non disponible
Petit,Nicolas,nicolas-petit-mines,"['pierre-petit-67', 'mireille-capitaine', 'p-cattiaux', 'antoine-lejay', 'christophe-leuridan', 'laurent-miclo', 'gilles-pages', 'kolehe-coulibaly-pasquier']",['Séminaire de probabilités XLIX'],1931202,2018,Ouvrage,"Mathématiques, Mathématiques pures","['Random Matrices', 'Large deviations', 'Martingale Theory', 'Quasi-stationary Distribution', 'Stochastic processes', 'Diffusion processes']","['Institut de Mathématiques de Toulouse UMR5219', 'Laboratoire de Mathématiques Blaise Pascal', 'Inria Nancy - Grand Est', 'Institut Élie Cartan de Lorraine', 'Institut Fourier', 'Institut Élie Cartan de Lorraine', 'Inria Sophia Antipolis - Méditerranée', 'Institut Élie Cartan de Lorraine', 'Laboratoire de Probabilités, Statistique et Modélisation', 'Laboratoire de Probabilités, Statistique et Modélisation']"
Petit,Nicolas,nicolas-petit-mines,"['pierre-petit-67', 'florence-merlevede', 'laurent-miclo', 'emmanuel-rio', 'alain-rouault']",['Séminaire de Probabilités LI'],3676900,2022,Ouvrage,"Mathématiques, Mathématiques pures",[],"['Institut Fourier', 'School of Operations Research and Information Engineering', 'Laboratoire Jacques-Louis Lions', 'Instituto de Matematicas', 'Laboratoire de Mathématiques de Versailles', 'Mathématiques Appliquées Paris 5', 'Laboratoire Analyse et de Mathématiques Appliquées', 'Institut de Mathématiques de Toulouse UMR5219', 'Faculty of Mathematics [Vienna]', 'Modélisation aléatoire de Paris X', 'Laboratoire de Mathématiques Raphaël Salem', 'Institut Camille Jordan', 'Institut Camille Jordan', 'Mathématiques Appliquées Paris 5']"
Petit,Laurent,laurent-petit,"['pierre-petit-67', 'mireille-capitaine', 'p-cattiaux', 'antoine-lejay', 'christophe-leuridan', 'laurent-miclo', 'gilles-pages', 'kolehe-coulibaly-pasquier']",['Séminaire de probabilités XLIX'],1931202,2018,Ouvrage,"Mathématiques, Mathématiques pures","['Random Matrices', 'Large deviations', 'Martingale Theory', 'Quasi-stationary Distribution', 'Stochastic processes', 'Diffusion processes']","['Institut de Mathématiques de Toulouse UMR5219', 'Laboratoire de Mathématiques Blaise Pascal', 'Inria Nancy - Grand Est', 'Institut Élie Cartan de Lorraine', 'Institut Fourier', 'Institut Élie Cartan de Lorraine', 'Inria Sophia Antipolis - Méditerranée', 'Institut Élie Cartan de Lorraine', 'Laboratoire de Probabilités, Statistique et Modélisation', 'Laboratoire de Probabilités, Statistique et Modélisation']"
Petit,Laurent,laurent-petit,"['pierre-petit-67', 'florence-merlevede', 'laurent-miclo', 'emmanuel-rio', 'alain-rouault']",['Séminaire de Probabilités LI'],3676900,2022,Ouvrage,"Mathématiques, Mathématiques pures",[],"['Institut Fourier', 'School of Operations Research and Information Engineering', 'Laboratoire Jacques-Louis Lions', 'Instituto de Matematicas', 'Laboratoire de Mathématiques de Versailles', 'Mathématiques Appliquées Paris 5', 'Laboratoire Analyse et de Mathématiques Appliquées', 'Institut de Mathématiques de Toulouse UMR5219', 'Faculty of Mathematics [Vienna]', 'Modélisation aléatoire de Paris X', 'Laboratoire de Mathématiques Raphaël Salem', 'Institut Camille Jordan', 'Institut Camille Jordan', 'Mathématiques Appliquées Paris 5']"
Philippe,Laurent,laurent-philippe,"['manuel-rebuschi', 'laurent-rollet']","['Sciences, Circulations, Révolutions']",4055126,2023,Ouvrage,"Sciences humaines et sociales, Domaine non défini, Mathématiques, Sciences humaines et sociales, Philosophie","['Révolutions', 'Circulations', 'Mathématiques', 'Géométrie projective', 'Géodésiques', 'Académies', 'Histoire', 'Répertoires bibliographiques', 'Journaux', 'Henri Poincaré', 'Gösta Mittag-Leffler', 'Jules Hoüel', 'CNU', 'Sociétés savantes', 'Histoire par en bas', 'Microhistoire', 'Histoire sociale', 'Institutions', 'Contextes', 'Internalisme', 'Externalisme', 'Matérialité', 'Matérialisme critique', 'Material turn', 'Collectif', 'Archives', 'Syndicalisme', 'KGC von Staudt', 'Engagement', 'Correspondances', 'Transcriptions', 'Épistolaire', 'Répertoires', 'Bibliographie', 'Biographie', 'Prosopographie', 'Recherche publique', 'Défense des statuts']",['Archives Henri-Poincaré - Philosophie et Recherches sur les Sciences et les Technologies']
Philippe,Laurent,laurent-philippe,"['aglutsyu', 'sorin-dumitrescu', 'philippe-eyssidieux', 'laurent-meersseman']","['Variétés complexes, feuilletages, uniformisation']",1894756,2012,Ouvrage,"Mathématiques, Domaine non défini",[],"['Institut de Mathématiques de Bourgogne [Dijon]', 'Laboratoire Jean Alexandre Dieudonné', 'Institut Fourier', 'Unité de Mathématiques Pures et Appliquées', 'Laboratoire Angevin de Recherche en Mathématiques']"
Philippe,Laurent,laurent-philippe,"['anna-aksamit', 'nizar-demni', 'jeanblanc', 'alain-rouault']",['In Memoriam Marc Yor - Séminaire de Probabilités XLVII'],1200589,2015,Ouvrage,"Mathématiques, Mathématiques pures",[],"['Laboratoire de Mathématiques de Versailles', 'Institut de Recherche Mathématique Avancée']"
Postoyan,Romain,romain-postoyan,"['paolo-frasca', 'elena-panteley', 'romain-postoyan', 'luca-zaccarian']",['Hybrid and networked dynamical systems'],4628500,2024,Ouvrage,"Sciences de l'ingénieur, Automatique, Mathématiques, Domaine non défini","['Multi-agent systems', 'Data-driven control', 'Observer design', 'Neural networks', 'Hybrid dynamical systems', 'Distributed control', 'Reset control', 'Event-triggered control', 'Networked systems', 'Stability analysis', 'Switched systems']","['Centre de Recherche en Automatique de Nancy', 'Inria Grenoble - Rhône-Alpes', 'Grenoble Images Parole Signal Automatique', 'Laboratoire des signaux et systèmes', ""Laboratoire d'analyse et d'architecture des systèmes""]"
Quadrat,Alban,inria-00083224,['Id non disponible'],['Algebraic and Symbolic Computation Methods in Dynamical Systems'],3070784,2020,Ouvrage,"Mathématiques, Mathématiques appliquées, Sciences de l'ingénieur, Automatique, Informatique, Domaine non défini, Mathématiques, Domaine non défini, Mathématiques, Domaine non défini, Mathématiques, Optimisation et contrôle","['Algebraic Theories', 'Control Theory', 'Computer Algebra System', 'Symbolic Computation Method', 'Algebraic Computation Methods']","['Inria de Paris', 'Institut de Mathématiques de Jussieu - Paris Rive Gauche']"
Ramdani,Nacim,nacim-ramdani,['luc-jaulin'],['Interval Methods and Applications'],1171487,2015,Ouvrage,"Mathématiques, Sciences de l'ingénieur, Automatique","['Automatic', 'Interval methods']","['Laboratoire Pluridisciplinaire de Recherche en Ingénierie des Systèmes, Mécanique et Energétique [2008-2013]', 'Département STIC [Brest]', ""Laboratoire des sciences et techniques de l'information, de la communication et de la connaissance""]"
Robert,Michel,michel-robert,"['jean-michel-marin', 'christian-robert']",['Bayesian essentials with R'],1337395,2014,Ouvrage,"Mathématiques, Statistiques",[],"['Institut de Mathématiques et de Modélisation de Montpellier', 'CEntre de REcherches en MAthématiques de la DEcision']"
Sigalotti,Mario,mario-sigalotti,"['ugo-boscain', 'davidebarilari', 'mario-sigalotti']","['Geometry, Analysis and Dynamics on sub-Riemannian Manifolds - Volume II']",1390382,2016,Ouvrage,"Mathématiques, Optimisation et contrôle",[],"['Institut de Mathématiques de Jussieu - Paris Rive Gauche', ""Centre de Mathématiques Appliquées de l'Ecole polytechnique"", ""Centre de Mathématiques Appliquées de l'Ecole polytechnique"", 'Inria Saclay - Ile de France']"
Sigalotti,Mario,mario-sigalotti,"['ugo-boscain', 'davidebarilari', 'mario-sigalotti']","['Geometry, Analysis and Dynamics on sub-Riemannian Manifolds - Volume I']",1390381,2016,Ouvrage,"Mathématiques, Optimisation et contrôle",[],"['Institut de Mathématiques de Jussieu - Paris Rive Gauche', ""Centre de Mathématiques Appliquées de l'Ecole polytechnique"", ""Centre de Mathématiques Appliquées de l'Ecole polytechnique"", 'Inria Saclay - Ile de France']"
Sigalotti,Mario,mario-sigalotti,"['ugo-boscain', 'mario-sigalotti']",['Geometric Control Theory and sub-Riemannian Geometry'],923636,2014,Ouvrage,"Mathématiques, Optimisation et contrôle",[],"['Département de Mathématiques Appliqués ""G. Sansone""', ""Centre de Mathématiques Appliquées de l'Ecole polytechnique"", 'Inria Saclay - Ile de France', ""Laboratoire des Sciences de l'Information et des Systèmes"", 'Dipartimento di Matematica per le Decisioni', ""Centre de Mathématiques Appliquées de l'Ecole polytechnique""]"
Simon,Christophe,christophe-simon,"['anna-aksamit', 'alexis-devulder', 'fmaunoury', 'njuillet', 'gilles-pages', 'christophe-profeta', 'kilian-raschel', 'camille-tardif']",['Séminaire de Probabilités XLVIII'],1403845,2016,Ouvrage,"Mathématiques, Mathématiques pures",[],"['Institut de Recherche Mathématique Avancée', 'Laboratoire de Probabilités et Modèles Aléatoires', 'Inria Sophia Antipolis - Méditerranée', 'Institut Élie Cartan de Lorraine', 'Laboratoire de Mathématiques de Versailles', 'Institute of Mathematics [Debrecen]', 'Institut de Recherche Mathématique de Rennes', 'Laboratoire de Mathématiques et Physique Théorique', ""Laboratoire de Mathématiques et Modélisation d'Evry"", 'Laboratoire Paul Painlevé - UMR 8524', ""Laboratoire Traitement et Communication de l'Information"", 'Institut Fourier', 'Mathematical Institute [Oxford]']"
Tarbouriech,Sophie,sophie-tarbouriech,"['antoine-girard', 'laurentiu-hetel', 'sophie-tarbouriech']",['Control Subject to Computational and Communication Constraints'],1818954,2018,Ouvrage,"Mathématiques, Optimisation et contrôle, Sciences de l'ingénieur, Automatique, Informatique, Domaine non défini","['Sampled-data Systems', 'Event-triggered Architecture', 'Event-based Control', 'Switched Systems', 'Limited Information', 'Computational Constraints', 'Hybrid Dynamical Systems']","[""Laboratoire d'analyse et d'architecture des systèmes"", 'Laboratoire des signaux et systèmes', 'Centre de Recherche en Informatique, Signal et Automatique de Lille - UMR 9189']"
Zaccarian,Luca,luca-zaccarian,"['paolo-frasca', 'elena-panteley', 'romain-postoyan', 'luca-zaccarian']",['Hybrid and networked dynamical systems'],4628500,2024,Ouvrage,"Sciences de l'ingénieur, Automatique, Mathématiques, Domaine non défini","['Multi-agent systems', 'Data-driven control', 'Observer design', 'Neural networks', 'Hybrid dynamical systems', 'Distributed control', 'Reset control', 'Event-triggered control', 'Networked systems', 'Stability analysis', 'Switched systems']","['Centre de Recherche en Automatique de Nancy', 'Inria Grenoble - Rhône-Alpes', 'Grenoble Images Parole Signal Automatique', 'Laboratoire des signaux et systèmes', ""Laboratoire d'analyse et d'architecture des systèmes""]"
Zaytoon,Janan,janan-zaytoon,['janan-zaytoon'],"['Informatics in Control, Automation and Robotics']",4322574,2022,Ouvrage,"Informatique, Mathématiques, Optimisation et contrôle",[],"['Laboratoire Images, Signaux et Systèmes Intelligents', 'Laboratoire Images, Signaux et Systèmes Intelligents']"
